-- phpMyAdmin SQL Dump
-- version 5.2.1
-- https://www.phpmyadmin.net/
--
-- Host: 127.0.0.1
-- Generation Time: Apr 12, 2025 at 10:59 PM
-- Server version: 10.4.32-MariaDB
-- PHP Version: 8.2.12

SET SQL_MODE = "NO_AUTO_VALUE_ON_ZERO";
START TRANSACTION;
SET time_zone = "+00:00";


/*!40101 SET @OLD_CHARACTER_SET_CLIENT=@@CHARACTER_SET_CLIENT */;
/*!40101 SET @OLD_CHARACTER_SET_RESULTS=@@CHARACTER_SET_RESULTS */;
/*!40101 SET @OLD_COLLATION_CONNECTION=@@COLLATION_CONNECTION */;
/*!40101 SET NAMES utf8mb4 */;

--
-- Database: `stockshark_db`
--

-- --------------------------------------------------------

--
-- Table structure for table `notifications`
--

CREATE TABLE `notifications` (
  `notification_id` int(11) NOT NULL,
  `user_id` int(11) NOT NULL,
  `message` text NOT NULL,
  `created_at` timestamp NOT NULL DEFAULT current_timestamp(),
  `is_read` tinyint(1) DEFAULT 0
) ENGINE=InnoDB DEFAULT CHARSET=utf8mb4 COLLATE=utf8mb4_general_ci;

-- --------------------------------------------------------

--
-- Table structure for table `portfolios`
--

CREATE TABLE `portfolios` (
  `portfolio_id` int(11) NOT NULL,
  `user_id` int(11) NOT NULL,
  `portfolio_name` varchar(100) NOT NULL,
  `created_date` timestamp NOT NULL DEFAULT current_timestamp()
) ENGINE=InnoDB DEFAULT CHARSET=utf8mb4 COLLATE=utf8mb4_general_ci;

--
-- Dumping data for table `portfolios`
--

INSERT INTO `portfolios` (`portfolio_id`, `user_id`, `portfolio_name`, `created_date`) VALUES
(1, 1, 'Default Portfolio', '2025-04-12 17:18:38'),
(2, 1, 'Default Portfolio', '2025-04-12 17:20:25');

-- --------------------------------------------------------

--
-- Table structure for table `portfolio_items`
--

CREATE TABLE `portfolio_items` (
  `portfolio_item_id` int(11) NOT NULL,
  `portfolio_id` int(11) NOT NULL,
  `stock_symbol` varchar(10) NOT NULL
) ENGINE=InnoDB DEFAULT CHARSET=utf8mb4 COLLATE=utf8mb4_general_ci;

--
-- Dumping data for table `portfolio_items`
--

INSERT INTO `portfolio_items` (`portfolio_item_id`, `portfolio_id`, `stock_symbol`) VALUES
(1, 1, 'IBM'),
(2, 1, 'MSFT'),
(3, 2, 'IBM'),
(4, 2, 'MSFT');

-- --------------------------------------------------------

--
-- Table structure for table `stocks`
--

CREATE TABLE `stocks` (
  `stock_symbol` varchar(10) NOT NULL,
  `company_name` varchar(255) NOT NULL,
  `sector` varchar(100) DEFAULT NULL,
  `industry` varchar(100) DEFAULT NULL,
  `description` text DEFAULT NULL
) ENGINE=InnoDB DEFAULT CHARSET=utf8mb4 COLLATE=utf8mb4_general_ci;

--
-- Dumping data for table `stocks`
--

INSERT INTO `stocks` (`stock_symbol`, `company_name`, `sector`, `industry`, `description`) VALUES
('IBM', 'Unknown Company', NULL, NULL, NULL),
('MSFT', 'Unknown Company', NULL, NULL, NULL);

-- --------------------------------------------------------

--
-- Table structure for table `stock_prices`
--

CREATE TABLE `stock_prices` (
  `price_id` int(11) NOT NULL,
  `stock_symbol` varchar(10) NOT NULL,
  `price_date` date NOT NULL,
  `open` decimal(10,2) DEFAULT NULL,
  `high` decimal(10,2) DEFAULT NULL,
  `low` decimal(10,2) DEFAULT NULL,
  `close` decimal(10,2) DEFAULT NULL,
  `volume` bigint(20) DEFAULT NULL
) ENGINE=InnoDB DEFAULT CHARSET=utf8mb4 COLLATE=utf8mb4_general_ci;

--
-- Dumping data for table `stock_prices`
--

INSERT INTO `stock_prices` (`price_id`, `stock_symbol`, `price_date`, `open`, `high`, `low`, `close`, `volume`) VALUES
(306, 'MSFT', '2014-12-31', 47.88, 49.06, 44.90, 46.45, 626810606),
(307, 'MSFT', '2007-06-29', 30.79, 30.90, 29.04, 29.47, 1181412800),
(308, 'MSFT', '2016-10-31', 57.41, 61.37, 56.32, 59.92, 614841775),
(309, 'MSFT', '2020-07-31', 203.14, 216.38, 197.51, 205.01, 769842002),
(310, 'MSFT', '2014-06-30', 40.95, 42.29, 39.86, 41.70, 555779700),
(311, 'MSFT', '2019-01-31', 99.55, 107.90, 97.20, 104.43, 714204787),
(312, 'MSFT', '2000-07-31', 79.69, 82.87, 67.25, 69.81, 617092900),
(313, 'MSFT', '2011-09-30', 26.46, 27.50, 24.60, 24.89, 1279920200),
(314, 'MSFT', '2012-08-31', 29.59, 30.96, 28.97, 30.82, 671748400),
(315, 'MSFT', '2003-10-31', 28.03, 29.46, 25.91, 26.14, 1400032500),
(316, 'MSFT', '2008-05-30', 28.48, 30.53, 27.95, 28.32, 1405170200),
(317, 'MSFT', '2008-11-28', 22.48, 23.66, 17.50, 20.22, 1794911800),
(318, 'MSFT', '2006-01-31', 26.25, 28.38, 26.10, 28.15, 1388622700),
(319, 'MSFT', '2016-04-29', 55.05, 56.77, 49.35, 49.87, 699025640),
(320, 'MSFT', '2013-07-31', 34.75, 36.43, 31.02, 31.84, 1111130600),
(321, 'MSFT', '2015-05-29', 48.58, 48.91, 46.02, 46.86, 633072750),
(322, 'MSFT', '2001-06-29', 69.60, 76.15, 66.01, 73.00, 724588900),
(323, 'MSFT', '2018-02-28', 94.79, 96.07, 83.83, 93.77, 690287596),
(324, 'MSFT', '2005-08-31', 25.82, 27.94, 25.76, 27.38, 1441979300),
(325, 'MSFT', '2017-09-29', 74.71, 75.97, 72.92, 74.49, 367134396),
(326, 'MSFT', '2022-11-30', 234.60, 255.33, 213.43, 255.14, 615328220),
(327, 'MSFT', '2009-09-30', 24.35, 26.25, 23.76, 25.72, 1038979700),
(328, 'MSFT', '2019-07-31', 136.63, 141.68, 134.67, 136.27, 484553299),
(329, 'MSFT', '2010-04-30', 29.35, 31.58, 28.62, 30.54, 1319029500),
(330, 'MSFT', '2024-03-28', 411.27, 430.82, 398.39, 420.72, 425101681),
(331, 'MSFT', '2022-05-31', 277.71, 290.88, 246.44, 271.87, 742766114),
(332, 'MSFT', '2014-01-31', 37.35, 37.89, 34.63, 37.84, 930226200),
(333, 'MSFT', '2004-03-31', 26.65, 26.72, 24.01, 24.93, 1703041000),
(334, 'MSFT', '2000-02-29', 98.50, 110.00, 88.12, 89.37, 667243800),
(335, 'MSFT', '2002-11-29', 52.43, 58.64, 51.90, 57.68, 777998600),
(336, 'MSFT', '2020-02-28', 170.43, 190.70, 152.00, 162.01, 887894931),
(337, 'MSFT', '2012-03-30', 31.93, 32.95, 31.49, 32.26, 942366500),
(338, 'MSFT', '2002-05-31', 52.16, 56.44, 48.35, 50.91, 710133100),
(339, 'MSFT', '2010-11-30', 26.88, 27.49, 24.93, 25.26, 1361176300),
(340, 'MSFT', '2018-03-29', 93.99, 97.24, 87.08, 91.27, 732866406),
(341, 'MSFT', '2024-08-30', 420.79, 427.46, 385.58, 417.14, 451919023),
(342, 'MSFT', '2020-01-31', 158.78, 174.05, 156.51, 170.23, 555989763),
(343, 'MSFT', '2023-11-30', 339.79, 384.30, 339.65, 378.91, 564165364),
(344, 'MSFT', '2019-02-28', 103.78, 113.24, 102.35, 112.03, 469095970),
(345, 'MSFT', '2006-06-30', 22.74, 23.65, 21.46, 23.30, 1971637200),
(346, 'MSFT', '2012-02-29', 29.79, 32.00, 29.71, 31.74, 984332300),
(347, 'MSFT', '2022-12-30', 253.87, 263.92, 233.87, 239.82, 591366468),
(348, 'MSFT', '2010-09-30', 23.67, 25.53, 23.54, 24.49, 1273139500),
(349, 'MSFT', '2005-03-31', 25.20, 25.79, 23.82, 24.17, 1541411300),
(350, 'MSFT', '2004-04-30', 24.95, 27.72, 24.85, 26.13, 1558947800),
(351, 'MSFT', '2007-11-30', 36.53, 37.50, 32.68, 33.60, 1830846800),
(352, 'MSFT', '2008-10-31', 26.38, 27.47, 20.65, 22.33, 3044579400),
(353, 'MSFT', '2022-06-30', 275.20, 277.69, 241.51, 256.83, 621501474),
(354, 'MSFT', '2023-05-31', 306.97, 335.94, 303.40, 328.39, 600453246),
(355, 'MSFT', '2004-10-29', 27.81, 28.89, 27.42, 27.97, 1300591200),
(356, 'MSFT', '2016-09-30', 57.01, 58.19, 55.61, 57.60, 526855083),
(357, 'MSFT', '2003-09-30', 26.70, 30.00, 26.47, 27.80, 1253309100),
(358, 'MSFT', '2015-12-31', 54.41, 56.85, 53.68, 55.48, 793070000),
(359, 'MSFT', '2017-08-31', 73.10, 74.96, 71.28, 74.77, 429156682),
(360, 'MSFT', '2004-09-30', 27.24, 27.79, 26.74, 27.65, 1141012300),
(361, 'MSFT', '2001-05-31', 67.66, 72.15, 67.25, 69.18, 888652900),
(362, 'MSFT', '2011-03-31', 26.60, 26.78, 24.68, 25.39, 1310885200),
(363, 'MSFT', '2014-07-31', 41.86, 45.71, 41.05, 43.16, 731616500),
(364, 'MSFT', '2015-04-30', 40.60, 49.54, 40.12, 48.64, 874535095),
(365, 'MSFT', '2000-08-31', 69.94, 74.87, 68.12, 69.81, 609699900),
(366, 'MSFT', '2013-02-28', 27.67, 28.20, 27.10, 27.80, 780587000),
(367, 'MSFT', '2009-04-30', 18.23, 21.20, 18.18, 20.26, 1562400700),
(368, 'MSFT', '2025-02-28', 411.60, 419.31, 386.57, 396.99, 432468323),
(369, 'MSFT', '2003-04-30', 24.46, 26.43, 23.95, 25.57, 1249617700),
(370, 'MSFT', '2021-06-30', 251.23, 271.65, 243.00, 270.90, 508388858),
(371, 'MSFT', '2011-08-31', 27.51, 27.69, 23.79, 26.60, 1719339500),
(372, 'MSFT', '2021-12-31', 335.13, 344.30, 317.25, 336.32, 625743806),
(373, 'MSFT', '2018-08-31', 106.03, 112.78, 104.84, 112.33, 456630721),
(374, 'MSFT', '2017-03-31', 64.13, 66.19, 63.62, 65.86, 489173200),
(375, 'MSFT', '2021-01-29', 222.53, 242.64, 211.94, 231.96, 647897096),
(376, 'MSFT', '2007-05-31', 29.94, 31.16, 29.90, 30.69, 1327154700),
(377, 'MSFT', '2009-10-30', 25.41, 29.35, 24.43, 27.73, 1523430100),
(378, 'MSFT', '2006-08-31', 24.02, 26.25, 23.85, 25.70, 1134188400),
(379, 'MSFT', '2022-04-29', 309.37, 315.11, 270.00, 277.52, 622644983),
(380, 'MSFT', '2015-01-30', 46.66, 47.91, 40.35, 40.40, 918738022),
(381, 'MSFT', '2007-02-28', 30.84, 30.94, 27.79, 28.17, 1290850900),
(382, 'MSFT', '2019-08-30', 137.00, 140.94, 130.78, 137.86, 585509525),
(383, 'MSFT', '2004-02-27', 27.63, 27.80, 26.35, 26.53, 1032065600),
(384, 'MSFT', '2018-09-28', 110.85, 115.29, 107.23, 114.37, 480255674),
(385, 'MSFT', '2022-10-31', 235.41, 251.04, 219.13, 232.13, 671366804),
(386, 'MSFT', '2010-03-31', 28.77, 30.57, 28.24, 29.29, 1110237200),
(387, 'MSFT', '2000-03-31', 89.62, 115.00, 88.94, 106.25, 1014093800),
(388, 'MSFT', '2002-10-31', 44.32, 54.07, 43.19, 53.47, 1237685300),
(389, 'MSFT', '2023-03-31', 250.76, 289.27, 245.61, 288.30, 747751976),
(390, 'MSFT', '2008-12-31', 19.88, 21.25, 18.47, 19.44, 1546943400),
(391, 'MSFT', '2003-03-31', 24.02, 26.80, 22.55, 24.21, 1371902600),
(392, 'MSFT', '2021-11-30', 331.36, 349.67, 326.37, 330.59, 507120518),
(393, 'MSFT', '2009-11-30', 27.70, 30.14, 27.41, 29.41, 1018256700),
(394, 'MSFT', '2002-04-30', 59.83, 60.40, 51.44, 52.26, 708739700),
(395, 'MSFT', '2020-12-31', 214.51, 227.18, 209.11, 222.42, 593966967),
(396, 'MSFT', '2011-02-28', 27.80, 28.34, 26.43, 26.58, 1114368500),
(397, 'MSFT', '2010-12-31', 25.57, 28.40, 25.56, 27.91, 1033710000),
(398, 'MSFT', '2015-06-30', 47.06, 47.77, 43.94, 44.15, 664853340),
(399, 'MSFT', '2015-10-30', 44.75, 54.37, 43.75, 52.64, 857330655),
(400, 'MSFT', '2006-12-29', 29.23, 30.26, 28.80, 29.86, 1137160900),
(401, 'MSFT', '2008-01-31', 35.79, 35.96, 31.04, 32.60, 1950301600),
(402, 'MSFT', '2000-09-29', 70.00, 72.06, 58.63, 60.31, 712766900),
(403, 'MSFT', '2009-05-29', 20.19, 20.94, 19.01, 20.89, 1101122400),
(404, 'MSFT', '2014-05-30', 40.24, 40.97, 38.51, 40.94, 574362900),
(405, 'MSFT', '2020-06-30', 182.54, 204.40, 181.35, 203.51, 765012029),
(406, 'MSFT', '2010-08-31', 25.99, 26.38, 23.32, 23.47, 1279372100),
(407, 'MSFT', '2004-07-30', 28.69, 29.89, 27.25, 28.49, 1550446900),
(408, 'MSFT', '2016-11-30', 59.97, 61.41, 57.28, 60.26, 613056964),
(409, 'MSFT', '2012-07-31', 30.62, 31.05, 28.54, 29.47, 846604100),
(410, 'MSFT', '2002-09-30', 48.52, 51.10, 43.11, 43.74, 847852900),
(411, 'MSFT', '2023-09-29', 331.31, 340.86, 309.45, 315.75, 416768824),
(412, 'MSFT', '2005-01-31', 26.80, 27.10, 25.64, 26.28, 1521414300),
(413, 'MSFT', '2007-07-31', 29.67, 31.84, 28.95, 28.99, 1295548000),
(414, 'MSFT', '2017-05-31', 68.68, 70.74, 67.14, 69.84, 505249296),
(415, 'MSFT', '2014-11-28', 46.89, 50.05, 46.73, 47.81, 523008240),
(416, 'MSFT', '2022-09-30', 258.87, 267.45, 232.73, 232.90, 575416752),
(417, 'MSFT', '2019-03-29', 112.89, 120.82, 108.80, 117.94, 589045341),
(418, 'MSFT', '2024-10-31', 428.45, 438.50, 406.30, 406.35, 440766715),
(419, 'MSFT', '2017-04-28', 65.81, 69.14, 64.85, 68.46, 428857613),
(420, 'MSFT', '2007-01-31', 29.91, 31.48, 29.40, 30.86, 1324518200),
(421, 'MSFT', '2025-03-31', 398.82, 402.15, 367.24, 375.39, 491540867),
(422, 'MSFT', '2012-06-29', 28.76, 31.14, 28.32, 30.59, 973131400),
(423, 'MSFT', '2001-04-30', 54.81, 71.10, 51.06, 67.75, 1037903500),
(424, 'MSFT', '2004-08-31', 28.27, 28.55, 25.95, 27.30, 1094195300),
(425, 'MSFT', '2024-04-30', 423.95, 429.37, 388.03, 389.33, 440119511),
(426, 'MSFT', '2012-12-31', 26.78, 27.73, 26.26, 26.71, 947310900),
(427, 'MSFT', '2009-06-30', 21.00, 24.34, 20.86, 23.77, 1411144700),
(428, 'MSFT', '2018-10-31', 114.75, 116.18, 100.11, 106.81, 927547942),
(429, 'MSFT', '2006-02-28', 27.95, 28.07, 26.34, 26.87, 1047699000),
(430, 'MSFT', '2013-01-31', 27.25, 28.23, 26.28, 27.45, 1145054400),
(431, 'MSFT', '2005-07-29', 24.85, 26.48, 24.50, 25.61, 1321407700),
(432, 'MSFT', '2000-10-31', 60.50, 70.12, 48.44, 68.87, 1234707800),
(433, 'MSFT', '2024-09-30', 417.91, 441.85, 400.80, 430.30, 376719438),
(434, 'MSFT', '2002-03-28', 59.05, 65.00, 58.31, 60.31, 536622100),
(435, 'MSFT', '2016-05-31', 50.00, 53.00, 49.46, 53.00, 530869347),
(436, 'MSFT', '2025-04-11', 374.65, 393.23, 344.79, 388.45, 313547109),
(437, 'MSFT', '2013-12-31', 38.09, 38.98, 35.53, 37.41, 826617700),
(438, 'MSFT', '2023-10-31', 316.28, 346.20, 311.22, 338.11, 540963749),
(439, 'MSFT', '2006-07-31', 23.53, 24.60, 22.23, 24.06, 1332298100),
(440, 'MSFT', '2019-09-30', 136.61, 142.37, 134.51, 139.03, 477645820),
(441, 'MSFT', '2003-08-29', 26.33, 26.95, 25.43, 26.52, 966506900),
(442, 'MSFT', '2013-06-28', 34.92, 35.78, 32.57, 34.55, 945155500),
(443, 'MSFT', '2023-04-28', 286.52, 308.93, 275.37, 307.26, 551356990),
(444, 'MSFT', '2007-12-31', 33.50, 36.72, 32.63, 35.60, 1064817100),
(445, 'MSFT', '2005-02-28', 26.25, 26.50, 25.13, 25.16, 1361126000),
(446, 'MSFT', '2017-10-31', 74.71, 86.20, 73.71, 83.18, 440510118),
(447, 'MSFT', '2018-04-30', 90.47, 97.90, 87.51, 93.52, 668258570),
(448, 'MSFT', '2008-06-30', 28.24, 29.57, 27.11, 27.51, 1560439100),
(449, 'MSFT', '2000-04-28', 94.44, 96.50, 65.00, 69.75, 1129073300),
(450, 'MSFT', '2015-11-30', 52.85, 54.98, 52.53, 54.35, 662622220),
(451, 'MSFT', '2021-05-28', 253.40, 254.35, 238.07, 249.68, 495089530),
(452, 'MSFT', '2011-07-29', 25.93, 28.15, 25.84, 27.40, 1259328200),
(453, 'MSFT', '2020-11-30', 204.29, 228.12, 200.12, 214.07, 573325190),
(454, 'MSFT', '2012-01-31', 26.55, 29.95, 26.39, 29.53, 1354858100),
(455, 'MSFT', '2024-12-31', 421.57, 456.16, 420.66, 421.50, 439908245),
(456, 'MSFT', '2004-12-31', 26.95, 27.44, 26.68, 26.72, 1803777700),
(457, 'MSFT', '2005-11-30', 25.61, 28.25, 25.61, 27.68, 1444948300),
(458, 'MSFT', '2001-09-28', 57.19, 59.08, 47.50, 51.17, 755412200),
(459, 'MSFT', '2010-02-26', 28.39, 29.03, 27.57, 28.67, 1074643300),
(460, 'MSFT', '2004-06-30', 26.12, 28.80, 25.86, 28.56, 1534889700),
(461, 'MSFT', '2011-06-30', 24.99, 26.00, 23.65, 26.00, 1297757600),
(462, 'MSFT', '2010-07-30', 23.09, 26.41, 22.73, 25.81, 1408590600),
(463, 'MSFT', '2005-05-31', 25.23, 26.09, 24.31, 25.80, 1270563700),
(464, 'MSFT', '2006-10-31', 27.32, 28.85, 27.15, 28.71, 1290967400),
(465, 'MSFT', '2009-01-30', 19.53, 21.00, 16.75, 17.10, 1564043400),
(466, 'MSFT', '2019-04-30', 118.95, 131.37, 118.10, 130.60, 433157868),
(467, 'MSFT', '2002-08-30', 47.58, 53.45, 43.80, 49.08, 857878600),
(468, 'MSFT', '2024-06-28', 415.53, 456.17, 408.92, 446.95, 342370406),
(469, 'MSFT', '2022-08-31', 277.82, 294.18, 260.66, 261.47, 476959033),
(470, 'MSFT', '2021-09-30', 302.87, 305.32, 281.62, 281.92, 502931199),
(471, 'MSFT', '2003-07-31', 25.59, 27.81, 25.39, 26.41, 1292011000),
(472, 'MSFT', '2018-05-31', 93.21, 99.99, 92.45, 98.84, 509418119),
(473, 'MSFT', '2006-04-28', 27.67, 27.94, 24.00, 24.15, 1446126900),
(474, 'MSFT', '2023-07-31', 339.19, 366.78, 327.00, 335.92, 666956355),
(475, 'MSFT', '2017-12-29', 83.60, 87.50, 80.70, 85.54, 447828256),
(476, 'MSFT', '2017-06-30', 70.24, 72.89, 68.09, 68.93, 610120893),
(477, 'MSFT', '2020-05-29', 175.80, 187.51, 173.80, 183.25, 688873081),
(478, 'MSFT', '2001-03-30', 58.56, 61.13, 49.75, 54.69, 947674900),
(479, 'MSFT', '2014-09-30', 45.43, 47.57, 44.53, 46.36, 860084532),
(480, 'MSFT', '2011-01-31', 28.05, 29.46, 27.42, 27.73, 1361258700),
(481, 'MSFT', '2021-03-31', 235.90, 241.05, 224.26, 235.77, 724981506),
(482, 'MSFT', '2023-02-28', 248.00, 276.76, 245.47, 249.42, 615540778),
(483, 'MSFT', '2013-10-31', 33.35, 36.29, 32.80, 35.41, 965331500),
(484, 'MSFT', '2021-10-29', 282.12, 332.00, 280.25, 331.62, 516523658),
(485, 'MSFT', '2003-02-28', 47.93, 49.10, 23.30, 23.70, 910628150),
(486, 'MSFT', '2008-08-29', 25.95, 28.50, 25.07, 27.29, 1206949700),
(487, 'MSFT', '2011-12-30', 25.56, 26.19, 25.16, 25.96, 1007166600),
(488, 'MSFT', '2013-04-30', 28.64, 33.11, 28.11, 33.10, 1322883228),
(489, 'MSFT', '2015-02-27', 40.59, 44.30, 40.23, 43.85, 656509827),
(490, 'MSFT', '2001-10-31', 50.94, 63.63, 50.41, 58.15, 875445500),
(491, 'MSFT', '2009-12-31', 29.52, 31.50, 29.25, 30.48, 920605500),
(492, 'MSFT', '2019-10-31', 139.66, 145.67, 133.22, 143.37, 560654410),
(493, 'MSFT', '2016-07-29', 51.13, 57.29, 50.39, 56.68, 647587634),
(494, 'MSFT', '2006-09-29', 25.89, 27.52, 25.39, 27.35, 1097482600),
(495, 'MSFT', '2007-03-30', 27.82, 28.55, 26.60, 27.87, 1269506500),
(496, 'MSFT', '2000-05-31', 72.87, 74.00, 60.38, 62.56, 672215400),
(497, 'MSFT', '2015-07-31', 44.46, 47.40, 43.32, 46.70, 725458102),
(498, 'MSFT', '2016-06-30', 52.44, 52.95, 48.04, 51.17, 823987498),
(499, 'MSFT', '2009-02-27', 17.01, 19.93, 16.10, 16.15, 1456213400),
(500, 'MSFT', '2002-02-28', 64.15, 64.50, 57.15, 58.34, 565579600),
(501, 'MSFT', '2021-04-30', 238.47, 263.19, 238.05, 252.18, 568698272),
(502, 'MSFT', '2001-08-31', 66.80, 67.54, 56.30, 57.05, 576948200),
(503, 'MSFT', '2020-09-30', 225.51, 232.86, 196.25, 210.33, 768528897),
(504, 'MSFT', '2014-04-30', 41.15, 41.66, 38.90, 40.40, 746113500),
(505, 'MSFT', '2013-11-29', 35.67, 38.29, 35.39, 38.13, 800431600),
(506, 'MSFT', '2017-11-30', 83.68, 85.06, 82.24, 84.17, 415711970),
(507, 'MSFT', '2013-05-31', 32.93, 35.28, 32.32, 34.90, 1071860000),
(508, 'MSFT', '2010-01-29', 30.62, 31.24, 27.66, 28.18, 1359650900),
(509, 'MSFT', '2003-01-31', 52.30, 57.32, 47.03, 47.46, 859331100),
(510, 'MSFT', '2008-07-31', 27.22, 27.91, 24.87, 25.72, 1579425446),
(511, 'MSFT', '2005-12-30', 27.73, 28.10, 26.10, 26.15, 1271695500),
(512, 'MSFT', '2020-10-30', 213.49, 225.21, 199.62, 202.47, 631674298),
(513, 'MSFT', '2007-08-31', 28.97, 30.10, 27.51, 28.73, 1228579500),
(514, 'MSFT', '2008-02-29', 31.06, 33.25, 27.02, 27.20, 2324580800),
(515, 'MSFT', '2006-03-31', 26.99, 28.22, 26.62, 27.21, 1437940900),
(516, 'MSFT', '2006-11-30', 28.78, 30.00, 28.58, 29.36, 1239142000),
(517, 'MSFT', '2024-05-31', 392.61, 433.60, 390.31, 415.13, 413810421),
(518, 'MSFT', '2020-04-30', 153.00, 180.40, 150.36, 179.21, 984810925),
(519, 'MSFT', '2012-11-30', 28.84, 30.20, 26.34, 26.62, 1310516100),
(520, 'MSFT', '2010-06-30', 25.53, 26.93, 22.95, 23.01, 1671811600),
(521, 'MSFT', '2005-06-30', 25.73, 26.00, 24.82, 24.84, 1303029500),
(522, 'MSFT', '2009-07-31', 24.05, 25.72, 22.00, 23.52, 1517459800),
(523, 'MSFT', '2019-05-31', 130.53, 130.65, 123.04, 123.68, 547218448),
(524, 'MSFT', '2019-11-29', 144.26, 152.50, 142.97, 151.38, 393028043),
(525, 'MSFT', '2004-01-30', 27.58, 28.83, 27.26, 27.65, 1232189000),
(526, 'MSFT', '2002-07-31', 54.12, 54.93, 41.41, 47.98, 1216094000),
(527, 'MSFT', '2018-11-30', 107.05, 112.24, 99.35, 110.89, 720228643),
(528, 'MSFT', '2016-12-30', 60.11, 64.10, 58.80, 62.14, 513579428),
(529, 'MSFT', '2016-01-29', 54.32, 55.39, 49.10, 55.09, 927914485),
(530, 'MSFT', '2024-11-29', 409.01, 429.33, 405.57, 423.46, 442321341),
(531, 'MSFT', '2000-11-30', 68.50, 72.37, 57.00, 57.38, 991731300),
(532, 'MSFT', '2023-08-31', 335.19, 338.54, 311.55, 327.76, 479669427),
(533, 'MSFT', '2022-03-31', 296.40, 315.95, 270.00, 308.31, 732627846),
(534, 'MSFT', '2014-10-31', 46.27, 46.97, 42.10, 46.95, 853297059),
(535, 'MSFT', '2012-05-31', 32.05, 32.34, 28.64, 29.19, 1014372600),
(536, 'MSFT', '2000-12-29', 58.06, 60.63, 40.31, 43.38, 1028334100),
(537, 'MSFT', '1999-12-31', 91.06, 119.94, 90.87, 116.75, 630488900),
(538, 'MSFT', '2016-08-31', 56.60, 58.70, 56.14, 57.46, 467079004),
(539, 'MSFT', '2025-01-31', 425.53, 448.38, 410.72, 415.06, 462562599),
(540, 'MSFT', '2013-03-28', 27.72, 28.66, 27.52, 28.61, 844946000),
(541, 'MSFT', '2017-02-28', 64.36, 65.24, 62.75, 63.98, 440744043),
(542, 'MSFT', '2009-08-31', 23.82, 25.49, 23.03, 24.65, 993250400),
(543, 'MSFT', '2020-03-31', 165.31, 175.00, 132.52, 157.71, 1612954386),
(544, 'MSFT', '2015-09-30', 42.23, 45.00, 41.66, 44.20, 670779566),
(545, 'MSFT', '2012-10-31', 29.81, 30.25, 27.76, 28.54, 1105402300),
(546, 'MSFT', '2005-09-30', 27.38, 27.39, 25.12, 25.73, 1348861500),
(547, 'MSFT', '2011-11-30', 26.19, 27.20, 24.30, 25.58, 1046207400),
(548, 'MSFT', '2008-09-30', 27.67, 27.76, 23.50, 26.69, 1927538700),
(549, 'MSFT', '2024-02-29', 401.83, 420.82, 397.22, 413.64, 444203455),
(550, 'MSFT', '2018-12-31', 113.00, 113.42, 93.96, 101.57, 944287635),
(551, 'MSFT', '2014-02-28', 37.74, 38.46, 35.69, 38.31, 705304500),
(552, 'MSFT', '2001-11-30', 60.08, 68.34, 59.60, 64.21, 665484300),
(553, 'MSFT', '2022-07-29', 256.39, 282.00, 245.94, 280.74, 534986150),
(554, 'MSFT', '2012-04-30', 32.22, 32.89, 30.23, 32.02, 940739700),
(555, 'MSFT', '2001-02-28', 60.81, 65.06, 53.88, 59.00, 768447800),
(556, 'MSFT', '2006-05-31', 24.33, 25.00, 22.45, 22.65, 2309193400),
(557, 'MSFT', '2021-02-26', 235.06, 246.13, 227.88, 232.38, 489396912),
(558, 'MSFT', '2016-03-31', 50.97, 55.64, 50.58, 55.23, 640372350),
(559, 'MSFT', '2024-07-31', 448.66, 468.35, 412.21, 418.35, 440446499),
(560, 'MSFT', '2011-05-31', 25.94, 26.25, 24.03, 25.01, 1364062800),
(561, 'MSFT', '2001-07-31', 72.05, 73.15, 64.20, 66.19, 727600500),
(562, 'MSFT', '2003-12-31', 25.90, 27.55, 25.50, 27.37, 1476461300),
(563, 'MSFT', '2007-10-31', 29.46, 37.00, 29.29, 36.81, 1772076700),
(564, 'MSFT', '2018-06-29', 99.28, 102.69, 97.26, 98.61, 602585341),
(565, 'MSFT', '2000-06-30', 64.37, 82.19, 63.81, 80.00, 733525100),
(566, 'MSFT', '2005-04-29', 24.24, 25.45, 23.94, 25.30, 1520253700),
(567, 'MSFT', '2021-08-31', 286.36, 305.84, 283.74, 301.88, 440360333),
(568, 'MSFT', '2003-06-30', 24.98, 26.51, 23.60, 25.64, 1569995800),
(569, 'MSFT', '2008-04-30', 28.83, 32.10, 27.93, 28.52, 1444720000),
(570, 'MSFT', '2013-08-30', 32.06, 35.20, 30.84, 33.40, 1051265000),
(571, 'MSFT', '2023-06-30', 325.93, 351.47, 322.50, 340.54, 547748450),
(572, 'MSFT', '2023-12-29', 376.76, 378.16, 362.90, 376.04, 521914675),
(573, 'MSFT', '2022-01-31', 335.35, 338.00, 276.05, 310.98, 946705316),
(574, 'MSFT', '2002-01-31', 66.65, 70.62, 61.33, 63.71, 680057900),
(575, 'MSFT', '2010-10-29', 24.49, 27.20, 23.78, 26.67, 1281432800),
(576, 'MSFT', '2017-01-31', 62.79, 65.91, 61.95, 64.65, 494435826),
(577, 'MSFT', '2002-06-28', 50.99, 56.44, 49.17, 54.70, 917036500),
(578, 'MSFT', '2022-02-28', 310.41, 315.12, 271.52, 298.79, 697204843),
(579, 'MSFT', '2015-03-31', 43.67, 44.19, 40.54, 40.66, 824335340),
(580, 'MSFT', '2009-03-31', 16.04, 18.88, 14.87, 18.37, 1625752800),
(581, 'MSFT', '2002-12-31', 58.65, 58.96, 51.26, 51.70, 634185100),
(582, 'MSFT', '2000-01-31', 117.37, 118.62, 94.87, 97.87, 637437600),
(583, 'MSFT', '2003-11-28', 26.35, 26.75, 24.84, 25.71, 1442336700),
(584, 'MSFT', '2021-07-30', 269.61, 290.15, 269.60, 284.91, 522303043),
(585, 'MSFT', '2014-08-29', 43.21, 45.47, 42.21, 45.43, 513429400),
(586, 'MSFT', '2003-05-30', 25.54, 26.50, 23.89, 24.61, 1311003700),
(587, 'MSFT', '2016-02-29', 54.88, 55.09, 48.19, 50.88, 814770780),
(588, 'MSFT', '2023-01-31', 243.08, 249.83, 219.35, 247.81, 666168068),
(589, 'MSFT', '2019-06-28', 123.85, 138.40, 119.01, 133.96, 508324437),
(590, 'MSFT', '2018-07-31', 98.10, 111.15, 98.00, 106.08, 569501573),
(591, 'MSFT', '2013-09-30', 31.75, 33.75, 30.95, 33.28, 1242961500),
(592, 'MSFT', '2012-09-28', 30.45, 31.61, 29.74, 29.76, 893107700),
(593, 'MSFT', '2007-04-30', 27.89, 30.74, 27.56, 29.94, 958964900),
(594, 'MSFT', '2011-04-29', 25.53, 26.87, 24.72, 25.92, 1313844800),
(595, 'MSFT', '2005-10-31', 25.71, 25.80, 24.25, 25.70, 1439659900),
(596, 'MSFT', '2001-01-31', 44.13, 64.75, 42.88, 61.06, 1002765600),
(597, 'MSFT', '2015-08-31', 46.98, 48.41, 39.72, 43.52, 776277394),
(598, 'MSFT', '2004-11-30', 28.15, 30.20, 24.86, 26.81, 1739407300),
(599, 'MSFT', '2010-05-28', 30.67, 31.06, 24.56, 25.80, 1720130200),
(600, 'MSFT', '2007-09-28', 28.50, 29.85, 28.27, 29.46, 1117419500),
(601, 'MSFT', '2020-08-31', 211.52, 231.15, 203.14, 225.53, 692382980),
(602, 'MSFT', '2008-03-31', 27.24, 29.59, 26.87, 28.38, 1452390200),
(603, 'MSFT', '2018-01-31', 86.13, 95.45, 85.50, 95.01, 543377322),
(604, 'MSFT', '2024-01-31', 373.86, 415.32, 366.50, 397.58, 525975837),
(605, 'MSFT', '2014-03-31', 37.92, 41.50, 37.50, 40.99, 778425700),
(606, 'MSFT', '2004-05-28', 26.21, 26.60, 25.42, 26.23, 1141456900),
(607, 'MSFT', '2001-12-31', 63.83, 69.89, 63.80, 66.25, 488544500),
(608, 'MSFT', '2011-10-31', 24.72, 27.50, 24.26, 26.63, 1218142500),
(609, 'MSFT', '2019-12-31', 151.81, 159.55, 146.65, 157.70, 452664147),
(610, 'MSFT', '2017-07-31', 69.33, 74.42, 68.02, 72.70, 451248934),
(611, 'IBM', '2014-12-31', 161.64, 164.52, 150.50, 160.44, 101614529),
(612, 'IBM', '2007-06-29', 106.62, 107.24, 101.56, 105.25, 169602000),
(613, 'IBM', '2016-10-31', 158.06, 158.53, 147.79, 153.69, 78325840),
(614, 'IBM', '2020-07-31', 120.27, 132.17, 115.20, 122.94, 113972765),
(615, 'IBM', '2014-06-30', 184.76, 187.65, 179.27, 181.27, 78501700),
(616, 'IBM', '2019-01-31', 112.01, 135.41, 111.69, 134.42, 120388583),
(617, 'IBM', '2000-07-31', 108.75, 117.81, 100.00, 112.25, 150130400),
(618, 'IBM', '2011-09-30', 172.71, 180.91, 158.76, 174.87, 137895000),
(619, 'IBM', '2012-08-31', 196.96, 202.00, 193.02, 194.85, 60653700),
(620, 'IBM', '2003-10-31', 88.75, 94.54, 87.53, 89.48, 156145400),
(621, 'IBM', '2008-05-30', 121.06, 129.99, 120.78, 129.43, 159517500),
(622, 'IBM', '2008-11-28', 92.64, 94.76, 69.50, 81.60, 218313000),
(623, 'IBM', '2006-01-31', 82.45, 85.03, 80.21, 81.30, 146491600),
(624, 'IBM', '2016-04-29', 150.51, 153.52, 142.61, 145.94, 94431134),
(625, 'IBM', '2013-07-31', 192.15, 200.94, 190.26, 195.04, 88079400),
(626, 'IBM', '2015-05-29', 173.20, 176.30, 168.84, 169.65, 57916093),
(627, 'IBM', '2001-06-29', 112.50, 119.00, 111.10, 113.50, 142929700),
(628, 'IBM', '2018-02-28', 163.19, 164.13, 144.40, 155.83, 100673819),
(629, 'IBM', '2005-08-31', 83.00, 84.20, 79.87, 80.62, 105031100),
(630, 'IBM', '2017-09-29', 142.98, 147.42, 141.64, 145.08, 77056229),
(631, 'IBM', '2022-11-30', 138.25, 150.46, 133.97, 148.90, 93620235),
(632, 'IBM', '2009-09-30', 117.67, 122.88, 115.15, 119.61, 131522200),
(633, 'IBM', '2019-07-31', 139.60, 151.94, 139.13, 148.24, 80175943),
(634, 'IBM', '2010-04-30', 128.95, 132.28, 127.12, 129.00, 146426400),
(635, 'IBM', '2024-03-28', 185.49, 199.18, 185.18, 190.96, 99921776),
(636, 'IBM', '2022-05-31', 133.00, 139.83, 125.80, 138.84, 113207659),
(637, 'IBM', '2014-01-31', 187.21, 190.81, 175.34, 176.68, 123489300),
(638, 'IBM', '2004-03-31', 96.50, 97.60, 90.28, 91.84, 124483700),
(639, 'IBM', '2000-02-29', 112.37, 119.75, 100.94, 102.75, 133524400),
(640, 'IBM', '2002-11-29', 78.90, 88.11, 76.70, 86.92, 184438100),
(641, 'IBM', '2020-02-28', 144.25, 158.75, 126.36, 130.15, 118092333),
(642, 'IBM', '2012-03-30', 197.23, 209.12, 196.81, 208.65, 88096900),
(643, 'IBM', '2002-05-31', 83.85, 86.49, 75.92, 80.45, 172738400),
(644, 'IBM', '2010-11-30', 143.64, 147.53, 141.18, 141.46, 104096700),
(645, 'IBM', '2018-03-29', 155.53, 162.11, 148.54, 153.43, 92113147),
(646, 'IBM', '2024-08-30', 192.81, 202.17, 181.81, 202.13, 65453729),
(647, 'IBM', '2020-01-31', 135.00, 145.79, 133.20, 143.73, 112864967),
(648, 'IBM', '2023-11-30', 145.00, 158.60, 144.45, 158.56, 78460252),
(649, 'IBM', '2019-02-28', 134.97, 140.49, 132.12, 138.13, 68462024),
(650, 'IBM', '2006-06-30', 79.89, 80.87, 76.06, 76.82, 139457800),
(651, 'IBM', '2012-02-29', 193.21, 199.23, 190.83, 196.73, 78809900),
(652, 'IBM', '2022-12-30', 149.98, 153.21, 137.20, 140.89, 86426226),
(653, 'IBM', '2010-09-30', 125.31, 136.11, 124.52, 134.14, 116092900),
(654, 'IBM', '2005-03-31', 92.64, 93.73, 89.09, 91.38, 106145200),
(655, 'IBM', '2004-04-30', 91.67, 94.55, 88.01, 88.17, 110632000),
(656, 'IBM', '2007-11-30', 115.50, 116.09, 99.27, 105.18, 200920600),
(657, 'IBM', '2008-10-31', 115.51, 116.80, 78.82, 92.97, 314972000),
(658, 'IBM', '2022-06-30', 139.67, 144.73, 132.85, 141.19, 105815743),
(659, 'IBM', '2023-05-31', 126.35, 130.07, 120.55, 128.59, 95710890),
(660, 'IBM', '2004-10-29', 85.95, 90.27, 84.29, 89.75, 118116100),
(661, 'IBM', '2016-09-30', 158.32, 165.00, 153.21, 158.85, 69951563),
(662, 'IBM', '2003-09-30', 82.40, 93.47, 82.30, 88.33, 171943100),
(663, 'IBM', '2015-12-31', 139.58, 141.40, 133.91, 137.62, 97650594),
(664, 'IBM', '2017-08-31', 145.00, 145.67, 139.13, 143.03, 79260314),
(665, 'IBM', '2004-09-30', 84.05, 87.28, 83.24, 85.74, 93906300),
(666, 'IBM', '2001-05-31', 115.85, 119.90, 110.96, 111.80, 159356200),
(667, 'IBM', '2011-03-31', 163.15, 167.72, 151.71, 163.07, 129714300),
(668, 'IBM', '2014-07-31', 181.70, 196.40, 181.70, 191.67, 97597800),
(669, 'IBM', '2015-04-30', 160.23, 175.13, 158.39, 171.29, 93821213),
(670, 'IBM', '2000-08-31', 112.00, 134.25, 110.25, 132.02, 121998000),
(671, 'IBM', '2013-02-28', 204.65, 205.35, 197.51, 200.83, 64144100),
(672, 'IBM', '2009-04-30', 96.13, 106.05, 95.70, 103.21, 213623100),
(673, 'IBM', '2025-02-28', 252.40, 265.72, 246.54, 252.44, 94123851),
(674, 'IBM', '2003-04-30', 78.50, 86.49, 78.12, 84.90, 177874300),
(675, 'IBM', '2021-06-30', 145.00, 152.84, 143.04, 146.59, 84365220),
(676, 'IBM', '2011-08-31', 182.60, 183.69, 157.13, 171.91, 195054100),
(677, 'IBM', '2021-12-31', 118.25, 134.99, 116.56, 133.66, 113930079),
(678, 'IBM', '2018-08-31', 144.76, 147.93, 142.00, 146.48, 79196876),
(679, 'IBM', '2017-03-31', 180.48, 182.55, 172.09, 174.14, 79476385),
(680, 'IBM', '2021-01-29', 125.85, 132.24, 117.36, 119.11, 176168962),
(681, 'IBM', '2007-05-31', 102.06, 108.05, 101.35, 106.60, 146441400),
(682, 'IBM', '2009-10-30', 119.39, 128.61, 117.26, 120.61, 183531100),
(683, 'IBM', '2006-08-31', 76.86, 81.68, 74.90, 80.97, 100880300),
(684, 'IBM', '2022-04-29', 129.66, 141.88, 124.91, 132.21, 107525264),
(685, 'IBM', '2015-01-30', 161.31, 163.31, 149.52, 153.31, 117395861),
(686, 'IBM', '2007-02-28', 98.97, 100.44, 92.47, 92.94, 125776200),
(687, 'IBM', '2019-08-30', 148.90, 152.95, 128.83, 135.53, 96719129),
(688, 'IBM', '2004-02-27', 99.15, 100.43, 95.20, 96.50, 97741900),
(689, 'IBM', '2018-09-28', 145.98, 153.35, 144.81, 151.21, 95868702),
(690, 'IBM', '2022-10-31', 120.16, 138.86, 115.55, 138.29, 113480787),
(691, 'IBM', '2010-03-31', 127.50, 130.73, 125.20, 128.25, 139997300),
(692, 'IBM', '2000-03-31', 102.00, 128.25, 99.50, 118.37, 194329000),
(693, 'IBM', '2002-10-31', 59.20, 79.79, 54.01, 78.94, 285626300),
(694, 'IBM', '2023-03-31', 128.90, 131.48, 121.71, 131.09, 138093084),
(695, 'IBM', '2008-12-31', 80.95, 87.27, 75.31, 84.16, 188846100),
(696, 'IBM', '2003-03-31', 78.90, 84.90, 73.17, 78.43, 191937200),
(697, 'IBM', '2021-11-30', 125.05, 127.29, 114.56, 117.10, 119252012),
(698, 'IBM', '2009-11-30', 120.61, 128.94, 119.50, 126.35, 110748200),
(699, 'IBM', '2002-04-30', 104.00, 104.00, 83.34, 83.76, 246503300),
(700, 'IBM', '2020-12-31', 123.90, 127.69, 121.72, 125.88, 102587006),
(701, 'IBM', '2011-02-28', 162.11, 166.25, 159.03, 161.88, 89067500),
(702, 'IBM', '2010-12-31', 143.61, 147.50, 143.51, 146.76, 93392800),
(703, 'IBM', '2015-06-30', 170.21, 171.56, 162.12, 162.66, 80845501),
(704, 'IBM', '2015-10-30', 145.31, 153.15, 137.33, 140.08, 120622363),
(705, 'IBM', '2006-12-29', 91.90, 97.88, 90.55, 97.15, 104470200),
(706, 'IBM', '2008-01-31', 108.99, 108.99, 97.04, 107.11, 247523900),
(707, 'IBM', '2000-09-29', 133.06, 134.94, 110.25, 112.62, 107468400),
(708, 'IBM', '2009-05-29', 103.78, 106.82, 99.83, 106.28, 153084700),
(709, 'IBM', '2014-05-30', 196.31, 196.74, 182.33, 184.36, 70018300),
(710, 'IBM', '2020-06-30', 124.64, 135.88, 115.88, 120.77, 120931250),
(711, 'IBM', '2010-08-31', 129.25, 132.49, 122.28, 123.13, 117394000),
(712, 'IBM', '2004-07-30', 88.28, 88.44, 83.42, 87.07, 121001000),
(713, 'IBM', '2016-11-30', 153.50, 164.66, 151.00, 162.22, 76340912),
(714, 'IBM', '2012-07-31', 196.36, 197.84, 181.85, 195.98, 91516500),
(715, 'IBM', '2002-09-30', 74.20, 77.50, 57.99, 58.31, 185664400),
(716, 'IBM', '2023-09-29', 147.26, 151.93, 139.61, 140.30, 82806487),
(717, 'IBM', '2005-01-31', 98.97, 99.10, 91.44, 93.42, 114459000),
(718, 'IBM', '2007-07-31', 105.39, 118.82, 104.58, 110.65, 212757600),
(719, 'IBM', '2017-05-31', 160.05, 160.42, 149.79, 152.63, 102455942),
(720, 'IBM', '2014-11-28', 164.25, 164.97, 159.80, 162.17, 80018581),
(721, 'IBM', '2022-09-30', 128.40, 130.99, 118.61, 118.81, 87256958),
(722, 'IBM', '2019-03-29', 139.31, 142.12, 133.58, 141.10, 74688899),
(723, 'IBM', '2024-10-31', 220.63, 237.37, 203.51, 206.72, 105624376),
(724, 'IBM', '2017-04-28', 173.82, 176.33, 159.60, 160.29, 99850446),
(725, 'IBM', '2007-01-31', 97.17, 100.90, 94.55, 99.15, 192702000),
(726, 'IBM', '2025-03-31', 254.74, 266.45, 237.22, 248.66, 100813990),
(727, 'IBM', '2012-06-29', 190.12, 199.99, 187.00, 195.58, 84559100),
(728, 'IBM', '2001-04-30', 97.45, 118.05, 90.05, 115.14, 226210900),
(729, 'IBM', '2004-08-31', 86.87, 87.39, 81.90, 84.69, 91169700),
(730, 'IBM', '2024-04-30', 190.00, 193.28, 165.26, 166.20, 98297181),
(731, 'IBM', '2012-12-31', 190.76, 196.45, 186.94, 191.55, 79320200),
(732, 'IBM', '2009-06-30', 106.94, 110.64, 103.51, 104.42, 160502100),
(733, 'IBM', '2018-10-31', 151.71, 154.36, 114.09, 115.43, 198093801),
(734, 'IBM', '2006-02-28', 80.90, 82.24, 78.93, 80.24, 111052200),
(735, 'IBM', '2013-01-31', 194.09, 208.58, 190.39, 203.07, 87636600),
(736, 'IBM', '2005-07-29', 74.30, 85.11, 74.16, 83.46, 156801500),
(737, 'IBM', '2000-10-31', 112.62, 119.62, 86.94, 98.50, 223510000),
(738, 'IBM', '2024-09-30', 201.91, 224.15, 199.34, 221.08, 83415811),
(739, 'IBM', '2002-03-28', 98.60, 108.85, 98.50, 104.00, 151268500),
(740, 'IBM', '2016-05-31', 146.56, 153.81, 142.90, 153.74, 75248178),
(741, 'IBM', '2025-04-11', 248.03, 252.79, 214.50, 235.48, 53143389),
(742, 'IBM', '2013-12-31', 179.46, 187.79, 172.73, 187.57, 97993100),
(743, 'IBM', '2023-10-31', 140.04, 144.76, 135.87, 144.64, 94386980),
(744, 'IBM', '2006-07-31', 77.54, 78.53, 72.73, 77.41, 137188300),
(745, 'IBM', '2019-09-30', 134.85, 146.57, 133.33, 145.42, 62083780),
(746, 'IBM', '2003-08-29', 81.15, 84.72, 78.73, 82.01, 113895200),
(747, 'IBM', '2013-06-28', 208.25, 210.05, 188.41, 191.11, 80215000),
(748, 'IBM', '2023-04-28', 130.97, 132.61, 124.56, 126.41, 83664114),
(749, 'IBM', '2007-12-31', 105.45, 112.19, 104.00, 108.10, 134151600),
(750, 'IBM', '2005-02-28', 93.67, 94.97, 91.55, 92.58, 79707700),
(751, 'IBM', '2017-10-31', 145.35, 162.51, 145.21, 154.06, 121490046),
(752, 'IBM', '2018-04-30', 153.34, 162.00, 144.11, 144.96, 122893135),
(753, 'IBM', '2008-06-30', 128.67, 129.37, 118.15, 118.53, 152327500),
(754, 'IBM', '2000-04-28', 120.00, 128.00, 101.25, 111.50, 168464800),
(755, 'IBM', '2015-11-30', 140.50, 142.80, 131.65, 139.42, 85421426),
(756, 'IBM', '2021-05-28', 143.81, 148.52, 140.92, 143.74, 98036425),
(757, 'IBM', '2011-07-29', 171.61, 185.63, 171.49, 181.85, 113593200),
(758, 'IBM', '2020-11-30', 112.65, 125.31, 111.16, 123.52, 103461100),
(759, 'IBM', '2012-01-31', 186.73, 193.10, 177.35, 192.60, 110015000),
(760, 'IBM', '2024-12-31', 227.50, 239.35, 217.65, 219.83, 81535689),
(761, 'IBM', '2004-12-31', 94.50, 99.00, 94.47, 98.58, 108170400),
(762, 'IBM', '2005-11-30', 81.85, 89.94, 80.64, 88.90, 110664500),
(763, 'IBM', '2001-09-28', 100.15, 103.13, 87.49, 91.72, 189312500),
(764, 'IBM', '2010-02-26', 123.23, 128.27, 121.61, 127.16, 113211200),
(765, 'IBM', '2004-06-30', 88.09, 91.21, 87.30, 88.15, 91968600),
(766, 'IBM', '2011-06-30', 168.90, 172.45, 161.52, 171.55, 105442400),
(767, 'IBM', '2010-07-30', 123.55, 131.60, 120.61, 128.40, 144080000),
(768, 'IBM', '2005-05-31', 76.88, 78.11, 72.50, 75.55, 138416000),
(769, 'IBM', '2006-10-31', 81.76, 92.68, 81.56, 92.33, 170367300),
(770, 'IBM', '2009-01-30', 83.89, 94.94, 81.76, 91.65, 208959400),
(771, 'IBM', '2019-04-30', 141.51, 145.39, 136.26, 140.27, 80199229),
(772, 'IBM', '2002-08-30', 70.40, 82.85, 65.85, 75.38, 166322300),
(773, 'IBM', '2024-06-28', 166.54, 178.46, 163.53, 172.95, 70706301),
(774, 'IBM', '2022-08-31', 130.75, 139.34, 128.40, 128.45, 77392342),
(775, 'IBM', '2021-09-30', 139.98, 140.57, 132.78, 138.93, 76644238),
(776, 'IBM', '2003-07-31', 81.40, 87.03, 80.58, 81.25, 153915600),
(777, 'IBM', '2018-05-31', 144.65, 146.20, 139.90, 141.31, 88812832),
(778, 'IBM', '2006-04-28', 82.72, 84.45, 80.63, 82.34, 114007000),
(779, 'IBM', '2023-07-31', 133.42, 144.61, 131.55, 144.18, 85778938),
(780, 'IBM', '2017-12-29', 154.40, 157.85, 151.49, 153.42, 87525752),
(781, 'IBM', '2017-06-30', 152.80, 157.20, 150.80, 153.83, 82652760),
(782, 'IBM', '2020-05-29', 123.19, 126.97, 111.81, 124.90, 92864791),
(783, 'IBM', '2001-03-30', 99.30, 108.40, 87.65, 96.18, 254550000),
(784, 'IBM', '2014-09-30', 192.68, 195.00, 188.12, 189.83, 64033759),
(785, 'IBM', '2011-01-31', 147.21, 164.35, 146.64, 162.00, 118831600),
(786, 'IBM', '2021-03-31', 120.35, 137.07, 118.76, 133.26, 127967821),
(787, 'IBM', '2023-02-28', 134.49, 137.39, 128.86, 129.30, 76080679),
(788, 'IBM', '2013-10-31', 185.34, 186.99, 172.57, 179.21, 130967100),
(789, 'IBM', '2021-10-29', 141.00, 146.00, 124.62, 125.10, 144097758),
(790, 'IBM', '2003-02-28', 78.20, 80.05, 74.31, 77.95, 145672700),
(791, 'IBM', '2008-08-29', 128.52, 129.97, 121.50, 121.73, 137028800),
(792, 'IBM', '2011-12-30', 187.01, 194.90, 179.04, 183.88, 103436500),
(793, 'IBM', '2013-04-30', 212.80, 214.89, 187.68, 202.54, 108666600),
(794, 'IBM', '2015-02-27', 154.00, 164.99, 151.51, 161.94, 77654705),
(795, 'IBM', '2001-10-31', 91.72, 112.10, 91.34, 108.07, 224351500),
(796, 'IBM', '2009-12-31', 127.29, 132.85, 126.00, 130.90, 124475900),
(797, 'IBM', '2019-10-31', 145.59, 147.35, 130.90, 133.73, 92647927),
(798, 'IBM', '2016-07-29', 152.19, 163.60, 149.92, 160.62, 69930927),
(799, 'IBM', '2006-09-29', 81.13, 83.79, 79.31, 81.94, 102776100),
(800, 'IBM', '2007-03-30', 90.25, 95.81, 88.77, 94.26, 163194500),
(801, 'IBM', '2000-05-31', 112.50, 113.62, 102.00, 107.31, 123803200),
(802, 'IBM', '2015-07-31', 163.97, 173.78, 158.50, 161.99, 93805392),
(803, 'IBM', '2016-06-30', 153.00, 155.48, 142.50, 151.78, 77115961),
(804, 'IBM', '2009-02-27', 90.60, 97.10, 82.85, 92.03, 223017600),
(805, 'IBM', '2002-02-28', 107.64, 109.30, 95.76, 98.12, 172321000),
(806, 'IBM', '2021-04-30', 133.76, 148.74, 130.38, 141.88, 122920494),
(807, 'IBM', '2001-08-31', 105.35, 110.09, 98.86, 99.95, 143401500),
(808, 'IBM', '2020-09-30', 122.85, 129.95, 116.48, 121.67, 84510174),
(809, 'IBM', '2014-04-30', 193.12, 199.21, 187.01, 196.47, 118447100),
(810, 'IBM', '2013-11-29', 179.81, 186.24, 177.31, 179.68, 100984900),
(811, 'IBM', '2017-11-30', 154.10, 154.90, 146.21, 153.97, 89208545),
(812, 'IBM', '2013-05-31', 201.87, 211.98, 199.20, 208.02, 90683600),
(813, 'IBM', '2010-01-29', 131.18, 134.25, 121.90, 122.39, 156110600),
(814, 'IBM', '2003-01-31', 78.80, 88.95, 77.02, 78.20, 193933500),
(815, 'IBM', '2008-07-31', 117.50, 130.93, 116.60, 127.98, 200876500),
(816, 'IBM', '2005-12-30', 89.15, 89.92, 81.56, 82.20, 120052400),
(817, 'IBM', '2020-10-30', 122.36, 135.50, 105.92, 111.66, 159130911),
(818, 'IBM', '2007-08-31', 110.39, 117.35, 103.70, 116.69, 202871500),
(819, 'IBM', '2008-02-29', 107.21, 116.63, 100.60, 113.86, 168280800),
(820, 'IBM', '2006-03-31', 80.01, 84.99, 79.51, 82.47, 111514900),
(821, 'IBM', '2006-11-30', 92.50, 94.05, 90.43, 91.92, 104430000),
(822, 'IBM', '2024-05-31', 165.69, 175.46, 162.62, 166.85, 78620355),
(823, 'IBM', '2020-04-30', 106.36, 129.31, 104.52, 125.56, 130400316),
(824, 'IBM', '2012-11-30', 194.96, 198.00, 184.78, 190.07, 81892500),
(825, 'IBM', '2010-06-30', 124.69, 131.94, 122.82, 123.48, 162019100),
(826, 'IBM', '2005-06-30', 75.57, 77.73, 73.45, 74.20, 135542800),
(827, 'IBM', '2009-07-31', 105.00, 119.37, 99.50, 117.93, 176171400),
(828, 'IBM', '2019-05-31', 140.55, 141.81, 126.85, 126.99, 75537897),
(829, 'IBM', '2019-11-29', 134.50, 139.14, 132.75, 134.45, 64898948),
(830, 'IBM', '2004-01-30', 92.86, 99.85, 89.01, 99.23, 139368500),
(831, 'IBM', '2002-07-31', 72.01, 74.20, 65.70, 70.40, 246256900),
(832, 'IBM', '2018-11-30', 115.50, 125.06, 114.54, 124.27, 141719180),
(833, 'IBM', '2016-12-30', 161.95, 169.95, 158.30, 165.99, 69463793),
(834, 'IBM', '2016-01-29', 135.60, 136.89, 118.00, 124.79, 126204196),
(835, 'IBM', '2024-11-29', 207.77, 230.36, 204.07, 227.41, 77280587),
(836, 'IBM', '2000-11-30', 98.44, 104.37, 91.62, 93.50, 130411900),
(837, 'IBM', '2023-08-31', 144.25, 147.73, 139.76, 146.83, 84274205),
(838, 'IBM', '2022-03-31', 122.67, 133.08, 120.70, 130.02, 96447210),
(839, 'IBM', '2014-10-31', 189.91, 190.89, 161.10, 164.40, 146272610),
(840, 'IBM', '2012-05-31', 207.18, 208.93, 192.00, 192.90, 86005300),
(841, 'IBM', '2000-12-29', 94.44, 104.75, 80.06, 85.00, 167790700),
(842, 'IBM', '1999-12-31', 102.56, 122.12, 102.25, 107.87, 158626300),
(843, 'IBM', '2016-08-31', 160.65, 164.95, 157.85, 158.88, 69680582),
(844, 'IBM', '2025-01-31', 221.82, 261.80, 214.61, 255.70, 92424171),
(845, 'IBM', '2013-03-28', 200.65, 215.90, 199.36, 213.30, 76023800),
(846, 'IBM', '2017-02-28', 175.00, 182.79, 172.89, 179.82, 59817600),
(847, 'IBM', '2009-08-31', 118.88, 120.88, 116.12, 118.05, 112480200),
(848, 'IBM', '2020-03-31', 130.75, 136.10, 90.56, 110.93, 189585053),
(849, 'IBM', '2015-09-30', 144.84, 149.68, 141.15, 144.97, 81761648),
(850, 'IBM', '2012-10-31', 208.01, 211.79, 190.56, 194.53, 96155000),
(851, 'IBM', '2005-09-30', 80.16, 82.11, 76.93, 80.22, 115681400),
(852, 'IBM', '2011-11-30', 181.55, 189.97, 177.06, 188.00, 97014100),
(853, 'IBM', '2008-09-30', 122.87, 124.00, 109.95, 116.96, 218411700),
(854, 'IBM', '2024-02-29', 183.63, 188.95, 178.75, 185.03, 88679550),
(855, 'IBM', '2018-12-31', 125.67, 126.59, 105.94, 113.67, 115600988),
(856, 'IBM', '2014-02-28', 176.02, 186.12, 172.19, 185.17, 87054800),
(857, 'IBM', '2001-11-30', 107.25, 117.00, 106.90, 115.59, 135136300),
(858, 'IBM', '2022-07-29', 141.00, 141.87, 125.13, 130.79, 129801061),
(859, 'IBM', '2012-04-30', 208.96, 210.69, 196.79, 207.08, 86603000),
(860, 'IBM', '2001-02-28', 112.40, 118.64, 99.10, 99.90, 156438900),
(861, 'IBM', '2006-05-31', 82.59, 83.69, 79.00, 79.90, 113146500),
(862, 'IBM', '2021-02-26', 119.90, 124.35, 118.12, 118.93, 106339228),
(863, 'IBM', '2016-03-31', 132.24, 153.10, 132.03, 151.45, 105698603),
(864, 'IBM', '2024-07-31', 173.45, 196.26, 173.38, 192.14, 81258646),
(865, 'IBM', '2011-05-31', 172.11, 173.54, 165.90, 168.93, 110804200),
(866, 'IBM', '2001-07-31', 113.50, 115.40, 101.56, 105.21, 161016400),
(867, 'IBM', '2003-12-31', 90.90, 94.12, 90.03, 92.68, 116103600),
(868, 'IBM', '2007-10-31', 117.61, 121.46, 110.96, 116.12, 171669000),
(869, 'IBM', '2018-06-29', 142.43, 147.52, 137.45, 139.70, 90243111),
(870, 'IBM', '2000-06-30', 107.56, 122.31, 105.50, 109.56, 136216300),
(871, 'IBM', '2005-04-29', 91.49, 91.76, 71.85, 76.38, 216745500),
(872, 'IBM', '2021-08-31', 141.45, 144.70, 137.21, 140.34, 69687056),
(873, 'IBM', '2003-06-30', 89.00, 89.08, 79.81, 82.50, 184488300),
(874, 'IBM', '2008-04-30', 115.14, 125.00, 113.86, 120.70, 192087200),
(875, 'IBM', '2013-08-30', 196.65, 197.17, 181.10, 182.27, 73077400),
(876, 'IBM', '2023-06-30', 128.44, 139.47, 127.78, 133.81, 100722016),
(877, 'IBM', '2023-12-29', 158.41, 166.34, 158.00, 163.55, 87358302),
(878, 'IBM', '2022-01-31', 134.07, 142.20, 124.19, 133.57, 147238382),
(879, 'IBM', '2002-01-31', 120.60, 126.39, 101.00, 107.89, 193562900),
(880, 'IBM', '2010-10-29', 135.51, 144.00, 134.39, 143.60, 137284700),
(881, 'IBM', '2017-01-31', 167.00, 179.25, 165.34, 174.52, 88671370),
(882, 'IBM', '2002-06-28', 80.75, 80.95, 66.10, 72.00, 190980700),
(883, 'IBM', '2022-02-28', 133.76, 138.82, 118.81, 122.51, 98492968),
(884, 'IBM', '2015-03-31', 161.68, 165.35, 153.40, 160.50, 104899758),
(885, 'IBM', '2009-03-31', 91.17, 99.86, 83.02, 96.89, 286114500),
(886, 'IBM', '2002-12-31', 88.60, 89.46, 75.60, 77.50, 151563500),
(887, 'IBM', '2000-01-31', 112.44, 124.75, 109.62, 112.25, 175259600),
(888, 'IBM', '2003-11-28', 89.90, 91.48, 87.72, 90.54, 97966100),
(889, 'IBM', '2021-07-30', 146.96, 147.50, 136.21, 140.96, 110625907),
(890, 'IBM', '2014-08-29', 190.50, 194.13, 183.58, 192.30, 53441600),
(891, 'IBM', '2003-05-30', 85.30, 90.40, 84.45, 88.04, 149548000),
(892, 'IBM', '2016-02-29', 124.40, 134.92, 116.90, 131.03, 106703104),
(893, 'IBM', '2023-01-31', 141.10, 147.18, 132.98, 134.73, 105576019),
(894, 'IBM', '2019-06-28', 127.10, 140.15, 127.06, 137.90, 61342985),
(895, 'IBM', '2018-07-31', 138.28, 150.54, 138.20, 144.93, 95015127),
(896, 'IBM', '2013-09-30', 183.63, 194.89, 182.31, 185.18, 71488100),
(897, 'IBM', '2012-09-28', 196.61, 208.32, 193.25, 207.45, 77341400),
(898, 'IBM', '2007-04-30', 94.51, 103.00, 93.91, 102.21, 166807200),
(899, 'IBM', '2011-04-29', 163.70, 173.00, 162.19, 170.58, 100769500),
(900, 'IBM', '2005-10-31', 80.22, 84.60, 78.70, 81.88, 139881800),
(901, 'IBM', '2001-01-31', 84.50, 116.75, 83.75, 112.00, 198962600),
(902, 'IBM', '2015-08-31', 161.70, 161.85, 140.62, 147.89, 93750967),
(903, 'IBM', '2004-11-30', 89.33, 96.63, 89.23, 94.24, 114982100),
(904, 'IBM', '2010-05-28', 129.39, 133.10, 116.00, 125.26, 188444200),
(905, 'IBM', '2007-09-28', 116.34, 118.89, 114.30, 117.80, 132233800),
(906, 'IBM', '2020-08-31', 123.50, 130.47, 122.15, 123.31, 74033007),
(907, 'IBM', '2008-03-31', 114.09, 119.79, 111.80, 115.14, 179284200),
(908, 'IBM', '2018-01-31', 154.50, 171.13, 153.54, 163.70, 140197975),
(909, 'IBM', '2024-01-31', 162.83, 196.90, 157.89, 183.66, 128121557),
(910, 'IBM', '2014-03-31', 183.33, 195.63, 182.21, 192.49, 118984000),
(911, 'IBM', '2004-05-28', 88.13, 89.75, 85.12, 88.59, 104707300),
(912, 'IBM', '2001-12-31', 114.80, 124.70, 113.21, 120.96, 133393800),
(913, 'IBM', '2011-10-31', 174.36, 190.53, 168.88, 184.63, 144563700),
(914, 'IBM', '2019-12-31', 134.45, 136.42, 130.69, 134.04, 71661951),
(915, 'IBM', '2017-07-31', 153.58, 156.03, 143.64, 144.67, 91242021);

-- --------------------------------------------------------

--
-- Table structure for table `trendingstock`
--

CREATE TABLE `trendingstock` (
  `id` int(11) NOT NULL,
  `symbol` varchar(10) NOT NULL,
  `price` varchar(20) NOT NULL,
  `priceChange` varchar(20) NOT NULL,
  `change_percent` varchar(20) NOT NULL,
  `created_at` timestamp NOT NULL DEFAULT current_timestamp(),
  `updated_at` timestamp NOT NULL DEFAULT current_timestamp() ON UPDATE current_timestamp()
) ENGINE=InnoDB DEFAULT CHARSET=utf8mb4 COLLATE=utf8mb4_general_ci;

--
-- Dumping data for table `trendingstock`
--

INSERT INTO `trendingstock` (`id`, `symbol`, `price`, `priceChange`, `change_percent`, `created_at`, `updated_at`) VALUES
(1, 'AAPL', '172.4200', '-9.0400', '-4.9818%', '2025-04-09 06:19:26', '2025-04-09 06:19:26'),
(2, 'TSLA', '252.3100', '-0.0900', '-0.0357%', '2025-04-12 17:59:09', '2025-04-12 17:59:09'),
(3, 'GOOGL', '157.1400', '4.3200', '2.8269%', '2025-04-12 17:59:09', '2025-04-12 17:59:09'),
(4, 'AMZN', '184.8700', '3.6500', '2.0141%', '2025-04-12 17:59:09', '2025-04-12 17:59:09'),
(5, 'MSFT', '388.4500', '7.1000', '1.8618%', '2025-04-12 17:59:09', '2025-04-12 17:59:09'),
(6, 'NFLX', '918.2900', '-2.8800', '-0.3126%', '2025-04-12 17:59:09', '2025-04-12 17:59:09');

-- --------------------------------------------------------

--
-- Table structure for table `users`
--

CREATE TABLE `users` (
  `user_id` int(11) NOT NULL,
  `username` varchar(50) NOT NULL,
  `email` varchar(100) NOT NULL,
  `password_hash` varchar(255) NOT NULL,
  `registration_date` timestamp NOT NULL DEFAULT current_timestamp(),
  `is_active` tinyint(1) DEFAULT 1
) ENGINE=InnoDB DEFAULT CHARSET=utf8mb4 COLLATE=utf8mb4_general_ci;

--
-- Dumping data for table `users`
--

INSERT INTO `users` (`user_id`, `username`, `email`, `password_hash`, `registration_date`, `is_active`) VALUES
(1, 'Evan', 'ev.bal@gmail.com', 'ef92b778bafe771e89245b89ecbc08a44a4e166c06659911881f383d4473e94f', '2025-04-09 05:33:48', 1),
(2, 'Sample', 'sample@gmail.com', 'ef92b778bafe771e89245b89ecbc08a44a4e166c06659911881f383d4473e94f', '2025-04-12 19:29:57', 1);

--
-- Indexes for dumped tables
--

--
-- Indexes for table `notifications`
--
ALTER TABLE `notifications`
  ADD PRIMARY KEY (`notification_id`),
  ADD KEY `user_id` (`user_id`);

--
-- Indexes for table `portfolios`
--
ALTER TABLE `portfolios`
  ADD PRIMARY KEY (`portfolio_id`),
  ADD KEY `user_id` (`user_id`);

--
-- Indexes for table `portfolio_items`
--
ALTER TABLE `portfolio_items`
  ADD PRIMARY KEY (`portfolio_item_id`),
  ADD KEY `portfolio_id` (`portfolio_id`),
  ADD KEY `stock_symbol` (`stock_symbol`);

--
-- Indexes for table `stocks`
--
ALTER TABLE `stocks`
  ADD PRIMARY KEY (`stock_symbol`);

--
-- Indexes for table `stock_prices`
--
ALTER TABLE `stock_prices`
  ADD PRIMARY KEY (`price_id`),
  ADD UNIQUE KEY `stock_symbol` (`stock_symbol`,`price_date`);

--
-- Indexes for table `trendingstock`
--
ALTER TABLE `trendingstock`
  ADD PRIMARY KEY (`id`),
  ADD UNIQUE KEY `symbol` (`symbol`);

--
-- Indexes for table `users`
--
ALTER TABLE `users`
  ADD PRIMARY KEY (`user_id`),
  ADD UNIQUE KEY `username` (`username`),
  ADD UNIQUE KEY `email` (`email`);

--
-- AUTO_INCREMENT for dumped tables
--

--
-- AUTO_INCREMENT for table `notifications`
--
ALTER TABLE `notifications`
  MODIFY `notification_id` int(11) NOT NULL AUTO_INCREMENT;

--
-- AUTO_INCREMENT for table `portfolios`
--
ALTER TABLE `portfolios`
  MODIFY `portfolio_id` int(11) NOT NULL AUTO_INCREMENT, AUTO_INCREMENT=3;

--
-- AUTO_INCREMENT for table `portfolio_items`
--
ALTER TABLE `portfolio_items`
  MODIFY `portfolio_item_id` int(11) NOT NULL AUTO_INCREMENT, AUTO_INCREMENT=5;

--
-- AUTO_INCREMENT for table `stock_prices`
--
ALTER TABLE `stock_prices`
  MODIFY `price_id` int(11) NOT NULL AUTO_INCREMENT, AUTO_INCREMENT=916;

--
-- AUTO_INCREMENT for table `trendingstock`
--
ALTER TABLE `trendingstock`
  MODIFY `id` int(11) NOT NULL AUTO_INCREMENT, AUTO_INCREMENT=7;

--
-- AUTO_INCREMENT for table `users`
--
ALTER TABLE `users`
  MODIFY `user_id` int(11) NOT NULL AUTO_INCREMENT, AUTO_INCREMENT=3;

--
-- Constraints for dumped tables
--

--
-- Constraints for table `notifications`
--
ALTER TABLE `notifications`
  ADD CONSTRAINT `notifications_ibfk_1` FOREIGN KEY (`user_id`) REFERENCES `users` (`user_id`) ON DELETE CASCADE;

--
-- Constraints for table `portfolios`
--
ALTER TABLE `portfolios`
  ADD CONSTRAINT `portfolios_ibfk_1` FOREIGN KEY (`user_id`) REFERENCES `users` (`user_id`) ON DELETE CASCADE;

--
-- Constraints for table `portfolio_items`
--
ALTER TABLE `portfolio_items`
  ADD CONSTRAINT `portfolio_items_ibfk_1` FOREIGN KEY (`portfolio_id`) REFERENCES `portfolios` (`portfolio_id`) ON DELETE CASCADE,
  ADD CONSTRAINT `portfolio_items_ibfk_2` FOREIGN KEY (`stock_symbol`) REFERENCES `stocks` (`stock_symbol`) ON DELETE CASCADE;

--
-- Constraints for table `stock_prices`
--
ALTER TABLE `stock_prices`
  ADD CONSTRAINT `fk_stock` FOREIGN KEY (`stock_symbol`) REFERENCES `stocks` (`stock_symbol`) ON DELETE CASCADE;
COMMIT;

/*!40101 SET CHARACTER_SET_CLIENT=@OLD_CHARACTER_SET_CLIENT */;
/*!40101 SET CHARACTER_SET_RESULTS=@OLD_CHARACTER_SET_RESULTS */;
/*!40101 SET COLLATION_CONNECTION=@OLD_COLLATION_CONNECTION */;
